Workbook

Sheet Payroll Input
A1: Employee ID | B1: Employee Name | C1: Rate Type | D1: Regular Hours | E1: Overtime Hours | F1: Rate 1 | G1: Rate 2
A2: 001-BS | B2: AKEEM JOHN | C2: Rate 1 | D2: 40 | E2: 6 | F2: 16 | G2: 30
A3: 002-BS | B3: WURAOLA AKINLOYE | C3: Rate 2 | D3: 35 | E3: 3 | F3: 16 | G3: 30
A4: 003-BS | B4: BRIGHT JOHNSON | C4: Rate 2 | D4: 50 | E4: 2 | F4: 16 | G4: 30
A5: 004-BS | B5: PRINCESS JULIAN | C5: Rate 2 | D5: 25 | E5: 3 | F5: 16 | G5: 30
A6: 005-BS | B6: ALVEREZ UCHE | C6: Rate 1 | D6: 45 | E6: 4 | F6: 16 | G6: 30
A7: 006-BS | B7: YODAHAN ULS | C7: Rate 2 | D7: 18 | E7: 5 | F7: 16 | G7: 30
A8: 007-BS | B8: KAREEM BENSON | C8: Rate 1 | D8: 50 | E8: 2 | F8: 16 | G8: 30
A9: 008-BS | B9: ADAMO AYOBO | C9: Rate 1 | D9: 35 | E9: 6 | F9: 16 | G9: 30
A10: 009-BS | B10: HENESSEY O | C10: Rate 2 | D10: 28 | E10: 4 | F10: 16 | G10: 30
A11: 010-BS | B11: ADE THOMPSON | C11: Rate 1 | D11: 20 | E11: 3 | F11: 16 | G11: 30
A12: 011-BS | B12: TYLER NJON | C12: Rate 2 | D12: 45 | E12: 3 | F12: 16 | G12: 30

Sheet Payroll Calc
A1: Employee ID | B1: Employee Name | C1: Rate Type | D1: Regular Hours | E1: Overtime Hours | F1: Hourly Rate | G1: Regular Pay | H1: Overtime Pay | I1: Gross Pay | J1: Tax 10% | K1: Pension 5% | L1: Net Pay
A2: ='Payroll Input'!A2 -> 001-BS | B2: ='Payroll Input'!B2 -> AKEEM JOHN | C2: ='Payroll Input'!C2 -> Rate 1 | D2: ='Payroll Input'!D2 -> 40 | E2: ='Payroll Input'!E2 -> 6 | F2: =IF(C2="Rate 1",'Payroll Input'!F2,'Payroll Input'!G2) -> 16 | G2: =D2*F2 -> 640 | H2: =E2*(F2*1.5) -> 144 | I2: =G2+H2 -> 784 | J2: =I2*10% -> 78.4 | K2: =I2*5% -> 39.2 | L2: =I2-J2-K2 -> 666.4
A3: ='Payroll Input'!A3 -> 002-BS | B3: ='Payroll Input'!B3 -> WURAOLA AKINLOYE | C3: ='Payroll Input'!C3 -> Rate 2 | D3: ='Payroll Input'!D3 -> 35 | E3: ='Payroll Input'!E3 -> 3 | F3: =IF(C3="Rate 1",'Payroll Input'!F3,'Payroll Input'!G3) -> 30 | G3: =D3*F3 -> 1050 | H3: =E3*(F3*1.5) -> 135 | I3: =G3+H3 -> 1185 | J3: =I3*10% -> 118.5 | K3: =I3*5% -> 59.25 | L3: =I3-J3-K3 -> 1007.25
A4: ='Payroll Input'!A4 -> 003-BS | B4: ='Payroll Input'!B4 -> BRIGHT JOHNSON | C4: ='Payroll Input'!C4 -> Rate 2 | D4: ='Payroll Input'!D4 -> 50 | E4: ='Payroll Input'!E4 -> 2 | F4: =IF(C4="Rate 1",'Payroll Input'!F4,'Payroll Input'!G4) -> 30 | G4: =D4*F4 -> 1500 | H4: =E4*(F4*1.5) -> 90 | I4: =G4+H4 -> 1590 | J4: =I4*10% -> 159 | K4: =I4*5% -> 79.5 | L4: =I4-J4-K4 -> 1351.5
A5: ='Payroll Input'!A5 -> 004-BS | B5: ='Payroll Input'!B5 -> PRINCESS JULIAN | C5: ='Payroll Input'!C5 -> Rate 2 | D5: ='Payroll Input'!D5 -> 25 | E5: ='Payroll Input'!E5 -> 3 | F5: =IF(C5="Rate 1",'Payroll Input'!F5,'Payroll Input'!G5) -> 30 | G5: =D5*F5 -> 750 | H5: =E5*(F5*1.5) -> 135 | I5: =G5+H5 -> 885 | J5: =I5*10% -> 88.5 | K5: =I5*5% -> 44.25 | L5: =I5-J5-K5 -> 752.25
A6: ='Payroll Input'!A6 -> 005-BS | B6: ='Payroll Input'!B6 -> ALVEREZ UCHE | C6: ='Payroll Input'!C6 -> Rate 1 | D6: ='Payroll Input'!D6 -> 45 | E6: ='Payroll Input'!E6 -> 4 | F6: =IF(C6="Rate 1",'Payroll Input'!F6,'Payroll Input'!G6) -> 16 | G6: =D6*F6 -> 720 | H6: =E6*(F6*1.5) -> 96 | I6: =G6+H6 -> 816 | J6: =I6*10% -> 81.6 | K6: =I6*5% -> 40.8 | L6: =I6-J6-K6 -> 693.6
A7: ='Payroll Input'!A7 -> 006-BS | B7: ='Payroll Input'!B7 -> YODAHAN ULS | C7: ='Payroll Input'!C7 -> Rate 2 | D7: ='Payroll Input'!D7 -> 18 | E7: ='Payroll Input'!E7 -> 5 | F7: =IF(C7="Rate 1",'Payroll Input'!F7,'Payroll Input'!G7) -> 30 | G7: =D7*F7 -> 540 | H7: =E7*(F7*1.5) -> 225 | I7: =G7+H7 -> 765 | J7: =I7*10% -> 76.5 | K7: =I7*5% -> 38.25 | L7: =I7-J7-K7 -> 650.25
A8: ='Payroll Input'!A8 -> 007-BS | B8: ='Payroll Input'!B8 -> KAREEM BENSON | C8: ='Payroll Input'!C8 -> Rate 1 | D8: ='Payroll Input'!D8 -> 50 | E8: ='Payroll Input'!E8 -> 2 | F8: =IF(C8="Rate 1",'Payroll Input'!F8,'Payroll Input'!G8) -> 16 | G8: =D8*F8 -> 800 | H8: =E8*(F8*1.5) -> 48 | I8: =G8+H8 -> 848 | J8: =I8*10% -> 84.8 | K8: =I8*5% -> 42.4 | L8: =I8-J8-K8 -> 720.8
A9: ='Payroll Input'!A9 -> 008-BS | B9: ='Payroll Input'!B9 -> ADAMO AYOBO | C9: ='Payroll Input'!C9 -> Rate 1 | D9: ='Payroll Input'!D9 -> 35 | E9: ='Payroll Input'!E9 -> 6 | F9: =IF(C9="Rate 1",'Payroll Input'!F9,'Payroll Input'!G9) -> 16 | G9: =D9*F9 -> 560 | H9: =E9*(F9*1.5) -> 144 | I9: =G9+H9 -> 704 | J9: =I9*10% -> 70.4 | K9: =I9*5% -> 35.2 | L9: =I9-J9-K9 -> 598.4
A10: ='Payroll Input'!A10 -> 009-BS | B10: ='Payroll Input'!B10 -> HENESSEY O | C10: ='Payroll Input'!C10 -> Rate 2 | D10: ='Payroll Input'!D10 -> 28 | E10: ='Payroll Input'!E10 -> 4 | F10: =IF(C10="Rate 1",'Payroll Input'!F10,'Payroll Input'!G10) -> 30 | G10: =D10*F10 -> 840 | H10: =E10*(F10*1.5) -> 180 | I10: =G10+H10 -> 1020 | J10: =I10*10% -> 102 | K10: =I10*5% -> 51 | L10: =I10-J10-K10 -> 867
A11: ='Payroll Input'!A11 -> 010-BS | B11: ='Payroll Input'!B11 -> ADE THOMPSON | C11: ='Payroll Input'!C11 -> Rate 1 | D11: ='Payroll Input'!D11 -> 20 | E11: ='Payroll Input'!E11 -> 3 | F11: =IF(C11="Rate 1",'Payroll Input'!F11,'Payroll Input'!G11) -> 16 | G11: =D11*F11 -> 320 | H11: =E11*(F11*1.5) -> 72 | I11: =G11+H11 -> 392 | J11: =I11*10% -> 39.2 | K11: =I11*5% -> 19.6 | L11: =I11-J11-K11 -> 333.2
A12: ='Payroll Input'!A12 -> 011-BS | B12: ='Payroll Input'!B12 -> TYLER NJON | C12: ='Payroll Input'!C12 -> Rate 2 | D12: ='Payroll Input'!D12 -> 45 | E12: ='Payroll Input'!E12 -> 3 | F12: =IF(C12="Rate 1",'Payroll Input'!F12,'Payroll Input'!G12) -> 30 | G12: =D12*F12 -> 1350 | H12: =E12*(F12*1.5) -> 135 | I12: =G12+H12 -> 1485 | J12: =I12*10% -> 148.5 | K12: =I12*5% -> 74.25 | L12: =I12-J12-K12 -> 1262.25

Sheet Summary
A1: Metric | B1: Value
A2: Total Employees | B2: =COUNTA('Payroll Input'!A2:A100) -> 11
A3: Total Gross Pay | B3: =SUM('Payroll Calc'!I:I) -> 10474
A4: Total Tax | B4: =SUM('Payroll Calc'!J:J) -> 1047.4
A5: Total Pension | B5: =SUM('Payroll Calc'!K:K) -> 523.7
A6: Total Net Pay | B6: =SUM('Payroll Calc'!L:L) -> 8902.9
A7: Total Overtime Cost | B7: =SUM('Payroll Calc'!H:H) -> 1404
